City,Lat,Lng,Max Temp,Humidity,Cloudiness,Wind Speed,Country,Date
Guadalupe y Calvo,26.1,-106.97,17.38,28,84,1.09,MX,1608492560
Rikitea,-23.12,-134.97,25.09,76,42,10.12,PF,1608492386
Sola,-13.88,167.55,26.0,94,75,6.1,VU,1608492560
Ribeira Grande,38.52,-28.7,18.0,93,75,9.3,PT,1608492560
Anadyr,64.75,177.48,-22.0,69,0,3.0,RU,1608492560
Cape Town,-33.93,18.42,22.0,68,20,8.2,ZA,1608492560
Geraldton,-28.77,114.6,16.0,82,0,4.1,AU,1608492560
Ushuaia,-54.8,-68.3,11.0,71,75,12.9,AR,1608492440
Province of Groningen,53.25,6.75,8.89,87,20,5.7,NL,1608492561
Waingapu,-9.66,120.26,26.41,80,100,4.56,ID,1608492561
Kushva,58.29,59.76,-13.31,86,73,6.6,RU,1608492561
Jinan,36.67,117.0,0.0,62,0,1.23,CN,1608492561
Hilo,19.73,-155.09,23.0,88,90,2.1,US,1608492335
Lompoc,34.64,-120.46,21.0,20,1,2.6,US,1608492385
Cicuco,9.26,-74.66,31.7,56,92,2.35,CO,1608492561
Carnarvon,-24.87,113.63,24.0,73,0,8.7,AU,1608492487
Bambous Virieux,-20.34,57.76,26.0,78,20,4.1,MU,1608492561
Dikson,73.51,80.55,-32.54,84,66,2.9,RU,1608492561
Puerto Ayora,-0.74,-90.35,26.0,69,75,6.2,EC,1608492561
Codrington,-38.27,141.97,8.91,84,100,3.24,AU,1608492502
Ust'-Karsk,52.7,118.81,-15.41,90,97,1.69,RU,1608492562
Mataura,-46.19,168.86,11.35,77,100,2.62,NZ,1608492562
Upernavik,72.79,-56.15,-12.4,85,95,2.79,GL,1608492562
Waddān,29.16,16.14,17.13,45,71,6.24,LY,1608492562
Gobabis,-22.45,18.97,20.0,94,100,0.5,NA,1608492562
Ereymentau,51.62,73.1,-23.43,90,27,4.62,KZ,1608492562
Kodinsk,58.69,99.18,-20.26,89,100,0.46,RU,1608492562
Mossamedes,-15.2,12.15,20.49,79,100,3.43,AO,1608492562
Faanui,-16.48,-151.75,26.8,69,5,1.97,PF,1608492562
Port Alfred,-33.59,26.89,22.22,93,54,0.89,ZA,1608492562
Hermanus,-34.42,19.23,21.11,77,0,1.34,ZA,1608492562
Upata,8.01,-62.4,28.94,60,6,1.61,VE,1608492562
Crotone,39.09,17.12,12.0,100,75,2.1,IT,1608492562
Vila Velha,-20.33,-40.29,31.11,70,20,8.7,BR,1608492263
Los Llanos de Aridane,28.66,-17.92,19.0,82,40,2.6,ES,1608492563
Karia,11.73,11.16,23.91,21,3,3.79,NG,1608492563
Hobart,-42.88,147.33,9.44,93,0,3.1,AU,1608492332
Mar del Plata,-38.0,-57.56,13.89,87,75,6.2,AR,1608492563
Atuona,-9.8,-139.03,25.89,77,75,7.83,PF,1608492563
Pevek,69.7,170.31,-21.3,91,18,2.05,RU,1608492504
Iroquois Falls,48.77,-80.68,1.0,86,90,3.6,CA,1608492563
Jamestown,42.1,-79.24,1.67,98,90,3.1,US,1608492392
Saint Paul Harbor,57.79,-152.41,-4.0,85,75,4.1,US,1608492563
Vostok,46.49,135.88,-23.76,92,99,2.59,RU,1608492525
Bluff,-46.6,168.33,12.13,81,100,7.37,NZ,1608492563
Hervey Bay,-25.3,152.85,25.0,81,45,1.34,AU,1608492534
Yellowknife,62.46,-114.35,-27.78,75,75,2.6,CA,1608492436
Kletskaya,49.31,43.06,-7.22,88,100,4.92,RU,1608492564
Kirkwall,58.98,-2.96,6.0,81,0,10.8,GB,1608492564
Nouadhibou,20.93,-17.03,22.0,56,0,3.6,MR,1608492564
Vaini,-21.2,-175.2,26.0,88,20,5.1,TO,1608492564
Sitka,57.05,-135.33,3.0,86,75,2.1,US,1608492564
Nikolskoye,59.7,30.79,1.11,95,90,5.0,RU,1608492564
Kapaa,22.08,-159.32,25.0,88,90,8.7,US,1608492564
Waipawa,-41.41,175.52,15.0,100,100,5.1,NZ,1608492564
Butaritari,3.07,172.79,27.35,78,86,7.63,KI,1608492564
Guasdualito,7.24,-70.73,30.47,57,0,2.79,VE,1608492564
Isangel,-19.55,169.27,24.31,82,9,3.79,VU,1608492564
Saint-Philippe,-21.36,55.77,24.0,83,0,2.1,RE,1608492564
Alice Springs,-23.7,133.88,23.0,94,75,1.0,AU,1608492285
Thompson,55.74,-97.86,-24.0,76,75,1.0,CA,1608492564
Bethel,41.37,-73.41,-0.56,86,90,1.75,US,1608492565
George Town,5.41,100.34,26.0,88,20,1.5,MY,1608492565
Barinas,8.62,-70.21,30.99,50,0,3.21,VE,1608492565
Naze,28.37,129.48,15.0,62,75,6.7,JP,1608492565
Cap Malheureux,-19.98,57.61,25.56,79,0,1.34,MU,1608492565
Albany,42.6,-73.97,0.56,75,100,2.91,US,1608492380
Ribera,37.5,13.26,11.11,100,100,1.34,IT,1608492565
Matara,5.95,80.54,24.26,89,100,3.76,LK,1608492565
Nassau,40.75,-73.58,2.78,99,90,2.65,US,1608492565
Cidreira,-30.18,-50.21,26.58,52,100,4.57,BR,1608492565
São João da Barra,-21.64,-41.05,30.0,66,0,10.3,BR,1608492565
San Cristobal,7.77,-72.22,29.0,62,40,2.6,VE,1608492565
Marsá Maţrūḩ,31.35,27.25,17.0,67,40,3.74,EG,1608492566
Luau,-10.71,22.22,16.84,99,87,2.22,AO,1608492566
Olafsvik,64.89,-23.71,0.2,90,100,11.71,IS,1608492566
Kimbe,-5.55,150.14,24.46,89,34,1.35,PG,1608492566
Bathsheba,13.22,-59.52,29.0,70,40,9.3,BB,1608492566
Saldanha,-33.01,17.94,20.0,68,0,4.6,ZA,1608492566
Busselton,-33.65,115.33,11.11,87,0,6.04,AU,1608492566
Santa Isabel Rio Negro,-0.41,-65.02,28.9,89,99,1.87,BR,1608492566
Ambon City,-3.7,128.18,27.74,76,98,3.06,ID,1608492497
Hokitika,-42.72,170.97,14.63,95,100,3.86,NZ,1608492566
Talnakh,69.49,88.4,-34.0,73,40,3.0,RU,1608492566
Longyearbyen,78.22,15.64,-14.0,60,0,13.4,SJ,1608492566
Kirakira,-10.45,161.92,25.53,75,0,1.92,SB,1608492566
Yulara,-25.24,130.99,21.0,83,75,2.6,AU,1608492567
Arlit,18.74,7.39,25.93,17,0,4.61,NE,1608492567
Nchelenge,-9.35,28.73,22.08,76,3,1.24,ZM,1608492435
Wahiawā,21.5,-158.02,27.0,69,1,4.1,US,1608492567
Alofi,-19.06,-169.92,26.0,94,100,3.1,NU,1608492567
Phalodi,27.13,72.37,16.01,27,92,2.83,IN,1608492567
Narutochō-mitsuishi,34.18,134.62,5.56,60,20,3.6,JP,1608492567
Kashgar,39.45,75.98,-8.0,72,100,3.0,CN,1608492567
Punta Arenas,-53.15,-70.92,11.0,76,75,12.9,CL,1608492567
Mayo,38.89,-76.51,7.0,81,90,4.6,US,1608492567
Khovd,48.01,91.64,-15.9,78,100,0.46,MN,1608492567
Saskylakh,71.92,114.08,-39.58,80,35,1.4,RU,1608492567
Laguna,38.42,-121.42,9.0,100,90,1.15,US,1608492276
Lorengau,-2.02,147.27,27.84,75,90,2.53,PG,1608492483
Seymchan,62.88,152.43,-33.12,83,98,1.01,RU,1608492568
Natal,-5.79,-35.21,29.0,66,75,7.2,BR,1608492568
Ratlām,23.32,75.07,14.42,36,86,3.32,IN,1608492568
Katherine,-14.47,132.27,25.0,94,100,1.5,AU,1608492568
Provideniya,64.38,-173.3,-19.84,88,22,5.91,RU,1608492485
Narsaq,60.92,-46.05,-5.0,53,75,2.6,GL,1608492568
Tasiilaq,65.61,-37.64,-5.0,49,100,0.5,GL,1608492568
Vao,-22.67,167.48,24.17,79,2,5.53,NC,1608492568
Sulangan,11.14,123.72,27.69,79,100,6.32,PH,1608492568
Neryungri,56.67,124.65,-16.37,90,100,2.64,RU,1608492568
Hithadhoo,-0.6,73.08,27.92,73,0,3.29,MV,1608492506
Coos Bay,43.37,-124.22,14.44,100,90,6.2,US,1608492439
Bredasdorp,-34.53,20.04,20.0,82,0,3.6,ZA,1608492569
Talcahuano,-36.72,-73.12,21.0,52,0,9.3,CL,1608492315
Batemans Bay,-35.72,150.18,16.11,97,100,1.61,AU,1608492569
Severo-Kuril'sk,50.68,156.12,-2.42,94,85,7.95,RU,1608492504
Yar-Sale,66.83,70.83,-29.25,86,94,7.18,RU,1608492569
Yangi Marg`ilon,40.43,71.72,1.0,89,100,1.79,UZ,1608492569
Vestmannaeyjar,63.44,-20.27,0.0,84,0,8.2,IS,1608492569
Mayumba,-3.43,10.66,25.38,90,100,4.87,GA,1608492569
Chanute,37.68,-95.46,12.0,40,1,5.1,US,1608492569
San Ignacio,17.16,-89.07,28.0,69,40,2.45,BZ,1608492570
Bilibino,68.05,166.44,-28.67,84,11,2.56,RU,1608492570
Touros,-5.2,-35.46,28.0,69,75,7.2,BR,1608492570
Hârtieşti,45.12,25.1,0.56,85,100,0.49,RO,1608492570
Bajil,15.06,43.29,26.21,71,2,1.49,YE,1608492570
Fayaoué,-20.65,166.53,25.37,74,19,4.95,NC,1608492570
Guerrero Negro,27.98,-114.06,20.8,24,100,0.96,MX,1608492570
Mangai,-4.05,19.53,19.78,99,100,0.09,CD,1608492570
Tuatapere,-46.13,167.68,8.88,88,100,1.86,NZ,1608492570
Yangambi,0.81,24.43,23.4,78,98,1.12,CD,1608492570
Tual,-5.67,132.75,29.09,73,100,5.66,ID,1608492570
Mason City,43.15,-93.2,5.0,60,1,4.6,US,1608492571
Melilla,35.29,-2.94,16.0,82,75,2.6,ES,1608492571
Constitución,-35.33,-72.42,19.23,49,0,8.9,CL,1608492491
Aubergenville,48.96,1.85,8.89,89,0,3.29,FR,1608492571
Roald,62.58,6.13,8.0,65,20,7.7,NO,1608492571
Paamiut,61.99,-49.67,-1.77,89,100,13.49,GL,1608492571
Barrow,71.29,-156.79,-28.0,68,1,6.2,US,1608492571
Inhambane,-23.86,35.38,27.0,78,20,3.1,MZ,1608492571
Clyde River,70.47,-68.59,-18.0,84,90,7.2,CA,1608492571
Nelson Bay,-32.72,152.15,21.0,100,90,3.1,AU,1608492499
Beisfjord,68.38,17.6,4.0,93,75,5.7,NO,1608492572
Ostrovnoy,68.05,39.51,-2.91,97,100,8.66,RU,1608492572
Chokurdakh,70.63,147.92,-26.89,89,78,4.62,RU,1608492572
Lüderitz,-26.65,15.16,19.0,77,69,2.1,NA,1608492572
Gizo Government Station,-8.1,156.84,28.53,69,100,0.85,SB,1608492572
Port-Cartier,50.03,-66.87,-2.0,79,85,1.5,CA,1608492572
Fort-Shevchenko,44.51,50.26,-0.36,92,100,5.7,KZ,1608492572
Kavieng,-2.57,150.8,28.39,70,9,1.16,PG,1608492572
Bandarbeyla,9.49,50.81,24.54,81,11,9.69,SO,1608492573
Elko,41.0,-115.5,5.56,48,90,1.71,US,1608492573
College,64.86,-147.8,-20.0,76,90,0.9,US,1608492573
Ponta do Sol,32.67,-17.1,17.0,77,20,2.6,PT,1608492573
Tiksi,71.69,128.87,-28.79,88,100,2.04,RU,1608492573
Pisco,-13.7,-76.22,24.0,64,0,4.6,PE,1608492573
Saint-Pierre,-21.34,55.48,24.0,83,0,2.1,RE,1608492573
Lincoln,40.8,-96.67,7.0,48,1,3.1,US,1608492506
Half Moon Bay,37.46,-122.43,13.89,71,20,2.1,US,1608492573
Tuktoyaktuk,69.45,-133.04,-41.0,64,20,2.1,CA,1608492573
Hobyo,5.35,48.53,26.04,78,69,8.84,SO,1608492573
Lebu,-37.62,-73.65,14.77,70,0,8.64,CL,1608492574
Chabahar,25.29,60.64,18.0,82,0,1.0,IR,1608492574
Murgab,37.5,61.97,2.0,74,90,3.1,TM,1608492574
Husavik,66.04,-17.34,0.0,92,90,3.63,IS,1608492574
Simao,22.79,100.97,11.3,79,96,1.05,CN,1608492574
Rocha,-34.48,-54.33,18.81,54,80,8.97,UY,1608492574
Haines Junction,60.75,-137.51,-7.47,91,0,2.71,CA,1608492574
Qaanaaq,77.48,-69.36,-18.36,74,69,2.64,GL,1608492483
Klaksvík,62.23,-6.59,7.0,93,100,3.6,FO,1608492574
Fortuna,40.6,-124.16,15.56,100,1,0.37,US,1608492497
Adelaide,-34.93,138.6,17.78,82,0,2.6,AU,1608492433
Mount Isa,-20.73,139.5,24.0,100,40,3.6,AU,1608492379
Abu Kamal,34.45,40.92,13.21,58,1,4.35,SY,1608492575
Margate,51.38,1.39,7.78,75,33,0.89,GB,1608492500
Airai,-8.93,125.41,16.22,100,100,1.43,TL,1608492575
Castro,-24.79,-50.01,24.0,84,100,3.09,BR,1608492494
Belle Fourche,44.67,-103.85,10.56,31,1,12.3,US,1608492575
Henties Bay,-22.12,14.28,17.22,91,33,2.68,NA,1608492505
Sinnamary,5.38,-52.95,28.05,75,100,3.56,GF,1608492575
Kabompo,-13.59,24.2,18.96,89,100,1.42,ZM,1608492576
Kāmyārān,34.8,46.94,1.0,80,0,0.43,IR,1608492576
Fareydūnshahr,32.94,50.12,-7.13,73,0,1.3,IR,1608492576
Mogadishu,2.04,45.34,26.62,84,0,7.39,SO,1608492526
Gimbi,9.17,35.83,16.55,56,2,1.52,ET,1608492576
Trincomalee,8.57,81.23,26.38,80,100,8.71,LK,1608492576
Khatanga,71.97,102.5,-33.78,85,96,1.84,RU,1608492576
Cayenne,4.93,-52.33,28.0,83,75,3.6,GF,1608492576
Arraial do Cabo,-22.97,-42.03,32.0,66,0,5.1,BR,1608492576
Mount Gambier,-37.83,140.77,12.0,76,90,2.6,AU,1608492576
Takoradze,4.88,-1.76,26.7,81,81,3.13,GH,1608492577
Avarua,-21.21,-159.78,27.0,65,100,1.0,CK,1608492494
Herat Province,34.5,62.0,3.83,75,73,1.53,AF,1608492577
Kelso,46.15,-122.91,11.0,81,90,4.1,US,1608492577
Igarka,67.47,86.58,-32.36,85,100,3.3,RU,1608492577
Ilulissat,69.22,-51.1,-11.0,47,20,7.2,GL,1608492526
Perbaungan,3.57,98.96,25.0,100,40,1.0,ID,1608492577
Guerrero,17.67,-100.0,27.33,40,100,1.54,MX,1608492577
Vardø,70.37,31.11,-1.0,92,75,9.8,NO,1608492578
Tyumentsevo,53.32,81.5,-13.42,95,100,4.4,RU,1608492578
Montrose,38.42,-108.27,1.11,57,70,0.89,US,1608492578
Poronaysk,49.22,143.12,-16.19,90,8,2.47,RU,1608492578
Pecos,31.42,-103.49,13.0,24,1,2.24,US,1608492578
Bakchar,57.02,82.07,-22.48,89,0,2.9,RU,1608492578
Harper,4.38,-7.72,26.46,83,71,2.24,LR,1608492578
Acajutla,13.59,-89.83,27.22,62,0,2.24,SV,1608492578
Aklavik,68.22,-135.01,-43.0,64,20,1.0,CA,1608492504
Azare,11.68,10.19,24.21,20,0,3.85,NG,1608492422
Kupang,-10.17,123.58,27.61,81,100,6.44,ID,1608492579
Strezhevoy,60.73,77.59,-15.0,84,90,4.0,RU,1608492579
Dobrinka,52.17,40.47,-12.83,96,0,2.39,RU,1608492579
Dédougou,12.47,-3.47,27.63,17,0,3.09,BF,1608492579
Torbay,47.67,-52.73,-2.22,85,20,5.7,CA,1608492579
East London,-33.02,27.91,23.0,88,75,3.6,ZA,1608492511
Ihtiman,42.43,23.82,2.22,98,100,1.32,BG,1608492579
Três de Maio,-27.77,-54.24,24.44,68,100,2.27,BR,1608492579
Baruun-Urt,46.68,113.28,-17.27,89,0,6.98,MN,1608492507
Kutum,14.2,24.67,14.9,33,71,2.06,SD,1608492580
Mnogovershinnyy,53.94,139.92,-27.05,84,63,2.04,RU,1608492580
Port Hedland,-20.32,118.57,27.0,78,100,3.1,AU,1608492496
Tabou,4.42,-7.35,26.62,80,77,2.02,CI,1608492580
San Patricio,28.02,-97.52,21.67,46,20,2.1,US,1608492580
Prince Rupert,54.32,-130.32,7.0,81,90,3.1,CA,1608492580
Padang,-0.95,100.35,25.61,74,100,1.72,ID,1608492580
Kirkenes,69.73,30.05,-2.0,100,75,10.8,NO,1608492580
Cam Ranh,11.92,109.16,26.0,74,75,7.7,VN,1608492580
Inta,66.03,60.17,-24.58,89,68,2.25,RU,1608492580
Marawi,8.0,124.29,23.33,92,87,1.34,PH,1608492580
Bubaque,11.28,-15.83,26.73,71,0,4.86,GW,1608492580
Bara,10.37,10.73,25.42,21,100,3.25,NG,1608492581
Saint George,37.1,-113.58,4.0,38,1,0.3,US,1608492581
Fereydūnkenār,36.69,52.52,9.99,66,0,0.47,IR,1608492581
Esso,55.93,158.7,-17.21,85,6,2.35,RU,1608492581
Tessalit,20.2,1.01,19.18,25,0,4.78,ML,1608492581
Kulhudhuffushi,6.62,73.07,28.03,69,79,3.92,MV,1608492581
Iquitos,-3.75,-73.25,31.0,66,75,3.1,PE,1608492581
Dudinka,69.41,86.18,-35.0,66,0,4.0,RU,1608492427
Katsuura,35.13,140.3,4.0,35,20,4.6,JP,1608492518
Teeli,51.03,90.23,-17.94,89,89,0.93,RU,1608492582
Fort Nelson,58.81,-122.7,-23.0,69,75,1.02,CA,1608492582
Sanford,28.8,-81.27,23.33,64,75,3.6,US,1608492431
Khanbari,27.37,87.2,10.54,58,0,1.28,NP,1608492582
Canyon Lake,29.88,-98.26,20.56,37,0,1.79,US,1608492468
San Juan,-31.54,-68.54,28.08,19,0,4.37,AR,1608492582
Broome,42.25,-75.83,1.11,86,90,4.1,US,1608492582
Bengkulu,-3.8,102.27,23.64,85,97,2.02,ID,1608492582
Bonavista,48.65,-53.11,-3.0,86,0,0.5,CA,1608492582
Juegang,32.32,121.19,2.22,77,0,2.89,CN,1608492582
Aksarka,66.56,67.8,-27.32,86,99,8.11,RU,1608492582
Zakamensk,50.37,103.29,-16.47,85,100,1.68,RU,1608492583
Lavrentiya,65.58,-171.0,-23.61,87,0,5.67,RU,1608492583
Brownfield,33.18,-102.27,13.89,26,0,0.89,US,1608492583
Leningradskiy,69.38,178.42,-18.84,90,100,3.48,RU,1608492583
Sterling,39.01,-77.43,7.0,75,90,3.6,US,1608492583
Sambava,-14.27,50.17,25.25,86,95,3.02,MG,1608492583
San Rafael,-34.62,-68.33,24.35,27,0,3.59,AR,1608492583
Tevaitoa,-16.78,-151.5,27.44,68,45,2.59,PF,1608492583
Jacareacanga,-6.22,-57.75,32.22,55,88,1.14,BR,1608492583
Coyhaique,-45.58,-72.07,19.0,39,40,3.1,CL,1608492583
Kamaishi,39.27,141.88,-3.06,91,60,2.07,JP,1608492583
Teya,60.38,92.63,-22.69,86,97,1.74,RU,1608492584
Kenora,49.82,-94.43,-11.0,72,75,2.6,CA,1608492584
Quatis,-22.41,-44.26,30.73,65,2,0.93,BR,1608492584
Radaur,30.03,77.15,11.93,39,100,2.9,IN,1608492584
Hasaki,35.73,140.83,1.0,47,20,2.1,JP,1608492584
Wagar,16.15,36.2,23.0,61,0,5.65,SD,1608492584
Kaitangata,-46.28,169.85,12.78,87,100,7.15,NZ,1608492525
Whitehorse,60.72,-135.05,-3.33,58,40,7.2,CA,1608492465
Corinth,37.94,22.96,12.78,69,100,0.45,GR,1608492364
Port Elizabeth,-33.92,25.57,22.0,88,75,3.1,ZA,1608492502
Rawson,-43.3,-65.1,24.38,25,3,2.55,AR,1608492392
Palmer,42.16,-72.33,0.0,68,90,3.0,US,1608492530
Témiscaming,46.72,-79.1,1.0,97,100,3.6,CA,1608492585
Makakilo City,21.35,-158.09,27.0,69,1,4.1,US,1608492585
Nanortalik,60.14,-45.24,-3.37,91,100,5.01,GL,1608492585
Pombia,45.65,8.63,8.0,93,75,1.0,IT,1608492585
Vanimo,-2.67,141.3,26.0,83,96,1.42,PG,1608492585
Gramada,43.83,22.66,3.33,7,100,2.17,BG,1608492585
Ejido,8.55,-71.24,25.26,50,77,1.98,VE,1608492585
Hong Kong,22.29,114.16,15.0,58,100,0.89,HK,1608492416
Klyuchi,52.27,79.17,-15.67,94,100,5.41,RU,1608492586
Qandala,11.47,49.87,24.52,73,87,3.53,SO,1608492586
Tynda,55.17,124.72,-25.26,87,14,1.01,RU,1608492586
Kharp,66.8,65.81,-20.26,88,99,0.97,RU,1608492586
Jalu,29.03,21.55,14.38,60,0,4.49,LY,1608492586
Chake Chake,-5.25,39.77,26.01,85,0,3.45,TZ,1608492586
Storforshei,66.4,14.52,1.11,92,0,0.5,NO,1608492586
Ierapetra,35.01,25.74,14.44,67,100,3.3,GR,1608492586
Sortavala,61.71,30.69,3.49,95,100,4.38,RU,1608492586
Camaná,-16.62,-72.71,22.5,67,80,3.44,PE,1608492587
Lázaro Cárdenas,17.96,-102.2,29.07,54,100,3.53,MX,1608492587
Marystown,47.17,-55.15,-0.29,90,0,3.33,CA,1608492587
Aljezur,37.32,-8.8,10.0,100,19,1.16,PT,1608492587
Shar,49.59,81.05,-9.1,96,100,4.04,KZ,1608492587
Kosterevo,55.93,39.61,-5.97,98,85,2.5,RU,1608492587
Umba,66.69,34.34,1.72,94,100,4.82,RU,1608492587
Comodoro Rivadavia,-45.87,-67.5,24.0,33,0,8.7,AR,1608492501
Rio Grande,-32.03,-52.1,28.0,34,0,5.1,BR,1608492331
La Ronge,55.1,-105.28,-18.0,77,100,4.1,CA,1608492588
Kahului,20.89,-156.47,27.0,65,40,6.7,US,1608492588
Lumbog,7.56,123.2,24.13,91,30,1.72,PH,1608492588
Reconquista,-29.15,-59.65,29.31,30,0,4.1,AR,1608492588
Lagoa,39.05,-27.98,17.87,87,100,9.68,PT,1608492485
Yeppoon,-23.13,150.73,24.0,83,75,3.82,AU,1608492588
Bushehr,28.97,50.84,16.0,87,0,3.1,IR,1608492588
Beringovskiy,63.05,179.32,-21.72,90,86,6.73,RU,1608492588
Diapaga,12.07,1.79,26.95,17,0,3.28,BF,1608492588
Dekar,-21.53,21.93,21.87,83,71,4.85,BW,1608492589
Tōno,39.32,141.53,-6.15,95,100,2.14,JP,1608492589
Lüneburg,53.25,10.4,6.67,91,100,1.79,DE,1608492589
Qasigiannguit,68.82,-51.19,-11.0,47,20,7.2,GL,1608492589
Portland,45.52,-122.68,10.0,87,90,1.5,US,1608492537
Samarai,-10.62,150.67,27.23,77,48,0.74,PG,1608492516
Zhezkazgan,47.8,67.71,-22.65,89,0,3.0,KZ,1608492589
Syriam,16.77,96.24,25.0,83,40,1.5,MM,1608492589
The Valley,18.22,-63.06,27.0,78,40,7.2,AI,1608492589
Zhigansk,66.77,123.37,-39.23,80,99,3.01,RU,1608492589
New Norfolk,-42.78,147.06,9.44,68,0,0.64,AU,1608492589
Marzuq,14.4,46.47,19.83,46,94,2.48,YE,1608492500
Bodinayakkanur,10.02,77.35,19.48,78,77,1.09,IN,1608492590
Lodja,-3.48,23.43,20.63,92,100,0.9,CD,1608492590
Ubari,26.59,12.78,14.9,35,0,3.38,LY,1608492590
Rabak,13.18,32.74,26.18,25,0,5.24,SD,1608492590
Williston,48.15,-103.62,11.67,50,75,6.7,US,1608492541
Beyneu,45.32,55.2,-4.91,94,100,6.42,KZ,1608492590
Davila,18.47,120.58,27.0,65,90,5.1,PH,1608492590
Guatire,10.48,-66.54,31.0,70,20,1.5,VE,1608492590
Hamilton,39.18,-84.53,7.22,75,90,4.6,US,1608492564
Atasū,48.68,71.64,-23.03,91,39,2.67,KZ,1608492511
Gubkinskiy,64.43,76.5,-16.18,94,100,3.61,RU,1608492441
Esim,4.87,-2.24,26.76,79,89,2.26,GH,1608492591
Souillac,-20.52,57.52,26.0,78,20,4.1,MU,1608492591
Bowen,-20.02,148.23,24.0,88,75,4.08,AU,1608492515
Saint-Augustin,51.23,-58.65,-5.46,95,100,1.79,CA,1608492591
Kumul,42.8,93.45,-8.11,88,0,1.84,CN,1608492497
Uyemskiy,64.47,40.85,-3.0,100,90,3.0,RU,1608492591
Saint-François,46.42,3.91,7.0,93,0,1.5,FR,1608492591
San Quintín,30.48,-115.95,19.52,29,1,1.46,MX,1608492591
Eureka,40.8,-124.16,15.56,87,1,2.6,US,1608492591
Ponta Delgada,37.73,-25.67,17.0,88,75,6.2,PT,1608492591
Pringsewu,-5.36,104.97,22.56,88,100,0.88,ID,1608492592
Cabo San Lucas,22.89,-109.91,25.56,60,75,2.1,MX,1608492556
Muros,42.78,-9.06,14.44,92,100,1.34,ES,1608492485
San Bartolomé de Tirajana,27.92,-15.57,20.0,68,75,5.1,ES,1608492592
Maumere,-8.62,122.21,27.29,81,100,4.61,ID,1608492592
Sarkand,45.41,79.92,-5.38,94,100,1.53,KZ,1608492592
Hay River,60.82,-115.8,-26.0,68,100,1.0,CA,1608492462
Oussouye,12.48,-16.55,26.0,61,0,4.1,SN,1608492592
Sakakah,29.97,40.21,13.0,58,0,5.1,SA,1608492592
Kiryat Gat,31.61,34.76,15.0,77,0,1.06,IL,1608492592
Malanje,-9.54,16.34,16.06,94,90,0.63,AO,1608492592
Stornoway,58.21,-6.39,8.0,87,63,11.8,GB,1608492593
Ballina,-28.87,153.57,23.0,94,90,1.5,AU,1608492593
Talaya,61.38,152.75,-33.81,82,100,1.48,RU,1608492593
Novoseleznëvo,55.68,69.21,-14.0,87,85,8.26,RU,1608492593
Poum,-20.23,164.02,25.81,72,78,3.48,NC,1608492593
Emba,48.83,58.14,-20.56,84,82,2.98,KZ,1608492593
Urambo,-5.07,32.05,18.89,92,98,1.58,TZ,1608492547
Nome,64.5,-165.41,-28.0,68,1,1.23,US,1608492593
Phuket,8.0,98.25,28.33,83,20,3.6,TH,1608492593
Trat,12.5,102.5,18.21,68,85,4.43,TH,1608492593
Gravelbourg,49.88,-106.55,4.0,60,43,9.3,CA,1608492594
Bako,5.78,36.57,22.26,51,71,1.53,ET,1608492594
Chui,-33.7,-53.46,23.31,43,0,6.84,UY,1608492594
Wenling,28.37,121.36,6.67,74,18,4.63,CN,1608492594
Port Lincoln,-34.73,135.87,14.51,86,30,4.03,AU,1608492594
Pedasí,7.53,-80.03,27.68,76,88,7.18,PA,1608492594
Mahébourg,-20.41,57.7,26.0,78,20,4.1,MU,1608492594
Mehamn,71.04,27.85,-2.0,86,90,6.2,NO,1608492503
Cherskiy,68.75,161.3,-33.71,85,0,0.91,RU,1608492595
Palauig,15.44,119.9,26.26,72,19,2.89,PH,1608492595
Carmarthen,51.86,-4.31,9.0,81,99,7.7,GB,1608492540
Tilichiki,60.47,166.1,-21.81,94,100,6.42,RU,1608492595
Flin Flon,54.77,-101.86,-19.0,77,90,2.6,CA,1608492595
Mahajanga,-15.72,46.32,25.0,83,40,3.1,MG,1608492595
Sioux Lookout,50.1,-91.92,-13.0,71,90,5.7,CA,1608492595
Binanwanaan,13.7,123.3,23.31,94,88,2.98,PH,1608492595
Port Hardy,50.7,-127.42,8.0,93,75,1.5,CA,1608492484
Alvarães,-3.22,-64.8,31.0,74,40,2.6,BR,1608492595
Kushnarenkovo,55.1,55.35,-25.0,75,0,2.0,RU,1608492595
Zărneşti,45.3,26.87,3.0,93,90,4.1,RO,1608492596
Pangnirtung,66.15,-65.71,-9.0,56,90,8.7,CA,1608492596
Yumen,40.28,97.2,-9.25,71,0,4.05,CN,1608492596
Basco,20.45,121.97,22.83,86,100,16.18,PH,1608492596
Methóni,36.82,21.7,14.44,87,100,1.5,GR,1608492596
Acapulco de Juárez,16.86,-99.89,28.0,74,90,3.6,MX,1608492587
Egvekinot,66.32,-179.17,-25.21,85,10,6.44,RU,1608492596
Kitimat,54.05,-128.65,2.22,96,100,0.45,CA,1608492596
Bedford,52.13,-0.47,5.56,87,86,0.89,GB,1608492596
Te Anau,-45.42,167.72,8.62,92,100,0.24,NZ,1608492520
Māngrol,21.12,70.12,21.81,57,0,2.55,IN,1608492596
Tabasco,18.0,-92.67,28.0,65,75,2.6,MX,1608492597
Kununurra,-15.77,128.73,26.0,100,90,3.1,AU,1608492597
Umluj,25.02,37.27,23.71,61,0,4.54,SA,1608492512
Bongouanou,6.65,-4.2,25.25,79,1,1.29,CI,1608492597
Kruisfontein,-34.0,24.73,22.22,85,50,0.89,ZA,1608492597
Gamba,-2.65,10.0,25.14,91,100,4.38,GA,1608492597
Faya,18.39,42.45,13.0,87,0,0.67,SA,1608492597
Jiazi,22.88,116.07,12.6,60,100,5.38,CN,1608492597
Río Gallegos,-51.62,-69.22,23.0,25,75,11.3,AR,1608492597
Taltal,-25.4,-70.48,20.44,56,22,4.06,CL,1608492597
Kurchum,48.57,83.65,-7.6,97,100,3.19,KZ,1608492598
Kaeo,-35.1,173.78,17.78,94,100,0.45,NZ,1608492598
Sittwe,20.15,92.9,19.64,68,83,2.01,MM,1608492598
Kestel,40.2,29.21,2.0,100,91,1.79,TR,1608492598
Ketchikan,55.34,-131.65,3.0,100,90,4.1,US,1608492598
Perkáta,47.05,18.79,4.44,86,90,2.6,HU,1608492598
Mpanda,-6.37,31.04,19.01,89,8,0.89,TZ,1608492598
Agirish,61.92,63.02,-12.23,91,1,5.48,RU,1608492598
Ugoofaaru,5.67,73.0,28.31,77,100,7.5,MV,1608492598
Valdivia,-39.81,-73.25,20.0,52,40,2.6,CL,1608492503
Ambilobe,-13.2,49.05,24.69,91,97,0.92,MG,1608492598
Tshikapa,-6.42,20.8,19.83,94,100,0.99,CD,1608492598
Bedelē,8.46,36.35,14.5,65,10,1.72,ET,1608492599
Nara,34.69,135.8,2.78,79,27,0.94,JP,1608492599
Bereda,43.27,-7.54,11.11,99,100,6.71,ES,1608492599
Northport,33.23,-87.58,14.44,82,90,1.5,US,1608492442
Victor Harbor,-35.57,138.62,15.56,92,100,6.41,AU,1608492599
Ferzikovo,54.52,36.76,0.0,99,100,3.0,RU,1608492599
Tahoua,14.89,5.27,29.0,21,0,2.1,NE,1608492599
Chiclana,-35.73,-61.75,26.74,20,0,8.26,AR,1608492599
Yueyang,29.33,113.09,3.06,72,0,1.37,CN,1608492543
Brus Laguna,15.75,-84.48,29.01,68,42,2.67,HN,1608492599
Namatanai,-3.67,152.43,26.62,78,38,0.96,PG,1608492599
Asău,46.43,26.4,2.22,93,75,0.5,RO,1608492600
Maxixe,-23.86,35.35,27.0,78,20,3.1,MZ,1608492600
Weligama,5.97,80.42,24.11,90,100,2.17,LK,1608492422
Tefé,-3.35,-64.71,31.0,74,40,2.6,BR,1608492600
Svecha,58.28,47.52,-11.92,95,100,4.37,RU,1608492600
Galesong,-5.32,119.37,24.0,100,40,1.0,ID,1608492600
Mosetse,-20.75,26.65,22.27,79,100,5.07,BW,1608492600
Hong Gai,20.96,107.09,15.0,41,0,3.6,VN,1608492600
Dingle,11.0,122.67,24.66,90,100,3.63,PH,1608492601
Nālūt,30.33,10.85,12.44,46,100,2.37,LY,1608492601
Barra Patuca,15.8,-84.28,27.6,74,60,3.41,HN,1608492601
Lumberton,34.62,-79.01,10.0,81,90,3.1,US,1608492601
Rawlins,41.79,-107.24,0.0,89,1,8.7,US,1608492425
Champerico,14.3,-91.92,33.0,52,20,4.1,GT,1608492602
San Andrés,12.58,-81.7,30.0,70,40,5.1,CO,1608492602
Uyuni,-20.46,-66.83,21.85,20,8,5.63,BO,1608492496
Porto Velho,-8.76,-63.9,26.0,94,75,2.6,BR,1608492602
Taksimo,56.34,114.88,-19.65,88,100,0.41,RU,1608492602
Nago,26.59,127.98,16.0,63,90,5.7,JP,1608492602
São Félix do Xingu,-6.64,-51.99,25.91,92,100,0.47,BR,1608492603
Kitoy,52.6,103.9,-14.0,92,100,1.0,RU,1608492603
Tura,25.52,90.22,13.42,81,41,1.74,IN,1608492603
Itarema,-2.92,-39.92,28.94,66,2,8.51,BR,1608492490
Casablanca,33.59,-7.62,16.0,82,40,1.0,MA,1608492484
Taoudenni,22.68,-3.98,17.7,33,0,4.75,ML,1608492603
Ha Tinh,18.33,105.9,13.9,61,100,4.12,VN,1608492603
Sakaiminato,35.55,133.23,3.0,86,75,2.6,JP,1608492604
Mainburg,48.65,11.78,0.0,95,100,1.0,DE,1608492604
Fort Saint James,54.43,-124.25,0.56,90,96,2.79,CA,1608492604
Charters Towers,-20.1,146.27,24.09,82,38,5.11,AU,1608492605
Korla,41.76,86.15,-8.42,91,0,1.08,CN,1608492605
Fairbanks,64.84,-147.72,-20.0,76,90,0.78,US,1608492528
Luba,3.46,8.55,27.0,94,20,2.6,GQ,1608492606
Alekseyevsk,57.84,108.35,-17.79,91,100,0.64,RU,1608492606
Mendeleyevsk,55.91,52.29,-16.0,71,40,6.0,RU,1608492606
Catió,11.28,-15.25,24.6,79,19,2.76,GW,1608492606
Palana,59.12,159.97,-15.73,96,98,1.34,RU,1608492607
Santo Anastácio,-21.84,-51.61,34.0,44,40,1.5,BR,1608492607
Erzin,36.96,36.2,12.78,75,0,1.34,TR,1608492607
Belaya Gora,68.53,146.42,-35.5,84,0,1.3,RU,1608492607
Cascais,38.7,-9.42,15.56,87,40,1.5,PT,1608492607
Shingū,33.73,135.98,2.29,83,0,3.43,JP,1608492607
Kieta,-6.22,155.63,26.6,75,99,1.44,PG,1608492607
Mitsamiouli,-11.38,43.28,28.01,70,0,0.87,KM,1608492608
High Prairie,55.43,-116.49,2.0,64,100,7.7,CA,1608492608
Pitanga,-24.76,-51.76,23.25,92,100,1.68,BR,1608492608
Muisne,0.6,-80.03,30.0,70,40,7.2,EC,1608492608
Miracema do Tocantins,-9.56,-48.4,29.14,68,100,1.34,BR,1608492609
Ordynskoye,54.37,81.9,-17.25,92,100,3.36,RU,1608492609
Itacaré,-14.28,-39.0,29.0,74,75,3.1,BR,1608492610
Shache,38.42,77.24,-9.49,95,7,0.71,CN,1608492610
Kavaratti,10.57,72.64,27.32,69,95,2.45,IN,1608492610
Saint Anthony,45.02,-93.22,3.33,59,1,3.6,US,1608492610
Doaba,33.42,70.74,9.46,47,74,0.85,PK,1608492610
Sur,22.57,59.53,21.3,69,8,3.94,OM,1608492610
Glamoč,44.05,16.85,2.72,80,6,1.17,BA,1608492611
Namie,37.48,141.0,-1.11,67,57,0.45,JP,1608492611
Mbaïki,3.87,17.99,23.57,38,51,0.72,CF,1608492611
Maceió,-9.67,-35.74,29.0,66,20,4.1,BR,1608492611
Mizdah,31.45,12.98,13.07,43,100,1.4,LY,1608492611
Sobolevo,54.43,31.9,0.45,97,100,2.31,RU,1608492611
Bytów,54.17,17.49,2.78,97,100,5.36,PL,1608492611
Kenai,60.55,-151.26,-7.22,85,90,2.1,US,1608492611
Ust'-Tarka,55.57,75.7,-18.32,90,0,5.35,RU,1608492331
Nuuk,64.18,-51.72,-3.0,53,75,3.1,GL,1608492612
Camacha,33.08,-16.33,16.0,77,20,1.0,PT,1608492612
Pochutla,15.74,-96.47,31.67,52,75,3.08,MX,1608492506
Ingham,42.6,-84.38,2.22,74,90,3.1,US,1608492612
Bata,1.86,9.77,29.0,79,40,1.5,GQ,1608492612
Khani,41.96,42.96,5.0,93,90,3.1,GE,1608492612
Ōdachō-ōda,35.18,132.5,6.19,63,99,5.37,JP,1608492612
Freeport,40.66,-73.58,2.78,92,90,4.27,US,1608492356
San Blas,21.52,-105.27,28.0,37,40,1.5,MX,1608492613
Byron Bay,-28.65,153.62,23.0,94,90,1.5,AU,1608492613
Chicomuselo,15.77,-92.27,27.56,43,33,0.6,MX,1608492613
Viedma,-40.81,-63.0,25.56,26,0,5.05,AR,1608492449
Inyonga,-6.72,32.07,18.33,90,2,0.7,TZ,1608492613
Valparaíso,-33.04,-71.63,26.0,38,0,6.2,CL,1608492386
Yerbogachën,61.28,108.01,-30.7,85,0,3.0,RU,1608492613
Copala,16.65,-98.98,29.86,56,99,3.61,MX,1608492613
Novoleushkovskaya,46.0,39.99,-0.61,92,86,2.88,RU,1608492613
San Pedro del Paraná,-26.83,-56.2,21.0,88,75,3.1,PY,1608492614
Yaya,56.21,86.44,-17.56,93,100,2.11,RU,1608492614
Aquiraz,-3.9,-38.39,29.0,70,40,6.2,BR,1608492614
Sri Aman,1.24,111.46,24.0,100,100,0.02,MY,1608492614
Port Blair,11.67,92.75,26.41,80,1,5.68,IN,1608492614
Wanning,18.8,110.4,16.36,72,100,7.84,CN,1608492614
Penha,-26.77,-48.65,28.0,78,20,3.1,BR,1608492614
Yaan,7.38,8.57,29.25,18,0,1.2,NG,1608492615
Shitkino,56.37,98.35,-8.31,97,100,1.03,RU,1608492615
Poplar Bluff,36.76,-90.39,7.0,81,90,1.5,US,1608492560
Iaçu,-12.77,-40.21,31.32,46,99,2.23,BR,1608492571
Grabovo,53.39,45.06,-14.48,93,0,1.88,RU,1608492615
Ahipara,-35.17,173.17,19.34,67,77,2.68,NZ,1608492615
Jagraon,30.78,75.48,12.22,37,100,2.1,IN,1608492429
Shubarkuduk,49.14,56.49,-20.78,86,70,3.68,KZ,1608492615
Waitati,-45.75,170.57,11.67,85,100,11.62,NZ,1608492615
Grand-Santi,4.25,-54.38,27.52,84,71,2.03,GF,1608492615
Belyy Yar,53.6,91.39,-8.0,72,0,6.0,RU,1608492483
Bijela,43.61,17.95,6.0,75,0,1.5,BA,1608492482
Richards Bay,-28.78,32.04,24.46,88,90,2.86,ZA,1608492616
Hambantota,6.12,81.12,24.0,100,90,2.1,LK,1608492484
Manokwari,-0.87,134.08,26.73,73,98,2.88,ID,1608492616
Mékhé,15.11,-16.62,33.0,21,0,1.0,SN,1608492616
Playas,-2.63,-80.38,24.9,73,97,6.57,EC,1608492616
Sun City West,33.66,-112.34,18.89,28,1,1.41,US,1608492616
Kuching,1.55,110.33,25.0,94,40,1.0,MY,1608492616
Thinadhoo,0.53,72.93,27.85,73,27,2.58,MV,1608492616
San Isidro,-12.12,-77.05,22.0,73,75,5.1,PE,1608492616
Bainbridge Island,47.63,-122.52,11.11,71,90,3.6,US,1608492431
Venado Tuerto,-33.75,-61.97,27.78,20,0,4.92,AR,1608492605
Letterkenny,54.95,-7.73,8.0,93,40,7.2,IE,1608492617
Pangody,65.85,74.49,-28.31,87,99,6.77,RU,1608492617
Vodnyy,63.5,53.41,-14.13,95,91,1.03,RU,1608492617
Srednekolymsk,67.45,153.68,-38.6,83,3,0.4,RU,1608492617
Paka,4.64,103.44,24.0,94,87,3.56,MY,1608492617
Ust-Tsilma,65.44,52.15,-14.52,93,0,2.06,RU,1608492617
Chalon-sur-Saône,46.78,4.85,7.78,92,65,0.45,FR,1608492385
Bherāmāra,24.02,88.99,14.92,57,3,2.99,BD,1608492617
Bandar-e Lengeh,26.56,54.88,19.0,45,0,1.05,IR,1608492554
Krasnosel'kup,65.7,82.47,-18.82,93,100,1.29,RU,1608492618
Sangar,63.92,127.47,-38.59,81,100,0.71,RU,1608492618
Gbarnga,7.0,-9.47,22.99,91,100,1.07,LR,1608492618
Laas,46.62,10.7,3.89,86,75,0.86,IT,1608492618
Krasnoshchekovo,51.67,82.73,-8.19,96,100,6.19,RU,1608492618
Havøysund,71.0,24.66,0.0,97,90,5.7,NO,1608492618
Eyl,7.98,49.82,25.02,73,66,8.52,SO,1608492618
